PLOT_ID,CENTER_LON,CENTER_LAT,SIZE_M,SHAPE,FLAGGED,ANALYSES,SAMPLE_POINTS,USER_ID,ANALYSIS_DURATION,COLLECTION_TIME,PL_LONGITUDE,PL_LATITUDE,PL_PLOTID,PL_FID_REFDTA,CLASS,LAND COVER:PRIMARY TREE,LAND COVER:SECONDARY TREE,LAND COVER:PLANTATION TREE,LAND COVER:MANGROVE,LAND COVER:HERBACEOUS VEGETATION,LAND COVER:SHRUB VEGETATION,LAND COVER:PARAMO VEGETATION,LAND COVER:CROPS,LAND COVER:NATURAL WATER,LAND COVER:ARTIFICIAL WATER,LAND COVER:WETLAND VEGETATION,LAND COVER:HOUSING STRUCTURE,LAND COVER:INFRASTRUCTURE,LAND COVER:ROADS AND LOTS,LAND COVER:SETTLEMENT VEGETATION,LAND COVER:BARE GROUND,LAND COVER:SNOW/ICE,LAND COVER:OTHER,LAND COVER:CLOUDS/UNINTERPRETABLE
35,-76.74707275,0.128952707,30,square,FALSE,0,25,kcmccallum@fs.fed.us,,2018-12-30T03:12:30.884084,-76.74707275,0.128952707,1,4778,0,0,32,0,0,32,36,0,0,0,0,0,0,0,0,0,0,0,0,0
37,-78.55732178,-0.766875022,30,square,FALSE,0,25,kcmccallum@fs.fed.us,,2018-12-30T03:13:06.355855,-78.55732178,-0.766875022,2,29569,11,0,0,0,0,0,0,0,100,0,0,0,0,0,0,0,0,0,0,0
39,-78.65283367,-2.554637594,30,square,FALSE,0,25,kcmccallum@fs.fed.us,,2018-12-30T03:15:34.881842,-78.65283367,-2.554637594,3,33446,3,0,64,0,0,36,0,0,0,0,0,0,0,0,0,0,0,0,0,0
43,-79.73062551,-2.30958449,30,square,FALSE,0,25,kcmccallum@fs.fed.us,,2018-12-30T03:17:35.792790,-79.73062551,-2.30958449,5,108,14,0,0,0,0,0,16,0,0,0,0,0,60,0,24,0,0,0,0,0
45,-77.08073943,-0.558361511,30,square,FALSE,0,25,kcmccallum@fs.fed.us,,2018-12-30T03:23:33.546942,-77.08073943,-0.558361511,6,23028,8,88,0,0,0,0,0,0,0,0,0,0,0,0,0,0,12,0,0,0
47,-79.27562416,-4.251013019,30,square,FALSE,0,25,kcmccallum@fs.fed.us,,2018-12-30T03:24:07.282323,-79.27562416,-4.251013019,7,39188,13,0,0,0,0,100,0,0,0,0,0,0,0,0,0,0,0,0,0,0
49,-78.78574754,-1.256509107,30,square,FALSE,0,25,kcmccallum@fs.fed.us,,2018-12-30T03:26:27.829231,-78.78574754,-1.256509107,8,24161,9,0,0,0,0,20,80,0,0,0,0,0,0,0,0,0,0,0,0,0
23,-78.55520768,-1.255638242,30,square,FALSE,0,25,kcmccallum@fs.fed.us,,2018-12-30T03:28:51.001529,-78.55520768,-1.255638242,11,34514,3,0,0,0,0,0,100,0,0,0,0,0,0,0,0,0,0,0,0,0
26,-78.59131629,-1.255622755,30,square,FALSE,0,25,kcmccallum@fs.fed.us,,2018-12-30T03:31:56.179010,-78.59131629,-1.255622755,13,925,14,0,28,0,0,0,0,0,0,0,0,0,0,0,72,0,0,0,0,0
27,-78.78527699,-2.070253913,30,square,FALSE,0,25,kcmccallum@fs.fed.us,,2018-12-30T03:33:55.613191,-78.78527699,-2.070253913,14,28931,11,0,0,80,0,20,0,0,0,0,0,0,0,0,0,0,0,0,0,0
28,-80.21923995,-2.54686971,30,square,FALSE,0,25,kcmccallum@fs.fed.us,,2018-12-30T03:34:54.160737,-80.21923995,-2.54686971,15,6582,1,0,0,0,0,0,0,0,0,0,100,0,0,0,0,0,0,0,0,0
29,-80.20332085,-2.069800915,30,square,FALSE,0,25,kcmccallum@fs.fed.us,,2018-12-30T03:42:16.050499,-80.20332085,-2.069800915,16,38466,12,88,0,0,0,12,0,0,0,0,0,0,0,0,0,0,0,0,0,0
32,-80.65669787,-2.066810382,30,square,FALSE,0,25,kcmccallum@fs.fed.us,,2018-12-30T03:46:42.680924,-80.65669787,-2.066810382,19,4860,0,0,0,0,0,100,0,0,0,0,0,0,0,0,0,0,0,0,0,0
52,-80.15784266,-1.753855629,30,square,FALSE,0,25,kcmccallum@fs.fed.us,,2018-12-30T03:49:32.989595,-80.15784266,-1.753855629,20,38011,12,0,8,0,0,80,12,0,0,0,0,0,0,0,0,0,0,0,0,0
53,-78.57929297,-1.246733012,30,square,FALSE,0,25,kcmccallum@fs.fed.us,,2018-12-30T03:51:37.408377,-78.57929297,-1.246733012,21,3382,0,0,0,0,0,16,44,0,0,0,0,0,0,0,0,0,40,0,0,0
55,-80.38974642,-0.2893123,30,square,FALSE,0,25,kcmccallum@fs.fed.us,,2018-12-30T03:53:21.067714,-80.38974642,-0.2893123,23,11667,2,0,0,0,0,8,92,0,0,0,0,0,0,0,0,0,0,0,0,0
56,-78.22880309,-2.061621003,30,square,FALSE,0,25,kcmccallum@fs.fed.us,,2018-12-30T03:57:37.617941,-78.22880309,-2.061621003,24,37295,12,68,0,0,0,0,0,0,0,0,0,0,0,0,0,0,0,0,0,32
57,-78.91731861,-1.745575026,30,square,FALSE,0,25,kcmccallum@fs.fed.us,,2018-12-30T03:59:11.408546,-78.91731861,-1.745575026,25,24766,9,0,0,0,0,92,8,0,0,0,0,0,0,0,0,0,0,0,0,0
59,-80.03657433,-1.533126429,30,square,FALSE,0,25,kcmccallum@fs.fed.us,,2018-12-30T04:02:57.495159,-80.03657433,-1.533126429,27,35463,3,0,100,0,0,0,0,0,0,0,0,0,0,0,0,0,0,0,0,0
60,-80.02303895,-1.743495532,30,square,FALSE,0,25,kcmccallum@fs.fed.us,,2018-12-30T04:03:56.450311,-80.02303895,-1.743495532,28,23469,8,0,0,0,0,0,0,0,0,100,0,0,0,0,0,0,0,0,0,0
61,-79.81839479,-3.321490964,30,square,FALSE,0,25,kcmccallum@fs.fed.us,,2018-12-30T04:06:25.227178,-79.81839479,-3.321490964,29,2181,14,0,0,0,0,0,100,0,0,0,0,0,0,0,0,0,0,0,0,0
72,-80.83488562,-1.22449722,30,square,FALSE,0,25,kcmccallum@fs.fed.us,,2018-12-30T04:07:52.623261,-80.83488562,-1.22449722,30,3718,0,0,0,0,0,4,0,0,0,0,0,0,0,0,0,0,96,0,0,0
73,-78.61922004,-1.723612162,30,square,FALSE,0,25,kcmccallum@fs.fed.us,,2018-12-30T04:10:18.778129,-78.61922004,-1.723612162,31,41508,13,0,0,0,0,88,0,0,12,0,0,0,0,0,0,0,0,0,0,0
75,-79.27499367,-4.205641222,30,square,FALSE,0,25,kcmccallum@fs.fed.us,,2018-12-30T04:14:24.168078,-79.27499367,-4.205641222,33,4981,0,0,0,0,0,44,0,0,0,0,0,0,4,0,20,32,0,0,0,0
77,-80.00564824,-2.804916235,30,square,FALSE,0,25,kcmccallum@fs.fed.us,,2018-12-30T13:40:14.101935,-80.00564824,-2.804916235,35,7636,1,0,0,0,0,52,0,0,0,0,36,0,0,0,12,0,0,0,0,0
79,-78.15889345,-0.504162435,30,square,FALSE,0,25,kcmccallum@fs.fed.us,,2018-12-30T13:45:47.802959,-78.15889345,-0.504162435,37,4011,0,0,0,0,0,0,0,84,0,0,0,0,0,0,0,0,16,0,0,0
80,-79.12659006,-1.206562019,30,square,FALSE,0,25,kcmccallum@fs.fed.us,,2018-12-30T13:53:27.314774,-79.12659006,-1.206562019,38,33427,3,88,0,0,0,12,0,0,0,0,0,0,0,0,0,0,0,0,0,0
81,-79.35823565,-4.423087807,30,square,FALSE,0,25,kcmccallum@fs.fed.us,,2018-12-30T14:03:37.972709,-79.35823565,-4.423087807,39,39804,13,0,0,0,0,48,52,0,0,0,0,0,0,0,0,0,0,0,0,0
93,-79.38068004,-4.416681139,30,square,FALSE,0,25,kcmccallum@fs.fed.us,,2018-12-30T14:08:49.183917,-79.38068004,-4.416681139,41,40254,13,0,0,0,0,20,80,0,0,0,0,0,0,0,0,0,0,0,0,0
94,-78.98821452,-2.272894462,30,square,FALSE,0,25,kcmccallum@fs.fed.us,,2018-12-30T14:11:19.918079,-78.98821452,-2.272894462,42,41050,13,0,0,0,0,92,0,0,0,0,0,0,0,0,0,0,8,0,0,0
95,-80.79710615,-0.960040568,30,square,FALSE,0,25,kcmccallum@fs.fed.us,,2018-12-30T14:16:40.442697,-80.79710615,-0.960040568,43,4583,0,0,0,0,0,0,0,0,0,60,0,0,0,0,0,0,40,0,0,0
96,-78.14375348,-0.49888786,30,square,FALSE,0,25,kcmccallum@fs.fed.us,,2018-12-30T14:18:43.338522,-78.14375348,-0.49888786,44,3169,0,0,0,0,0,0,0,0,0,0,0,0,0,0,0,0,100,0,0,0
97,-79.38965075,-1.195279534,30,square,FALSE,0,25,kcmccallum@fs.fed.us,,2018-12-30T14:22:33.669593,-79.38965075,-1.195279534,45,21074,8,0,56,4,0,0,40,0,0,0,0,0,0,0,0,0,0,0,0,0
98,-80.20709225,-2.4851002,30,square,FALSE,0,25,kcmccallum@fs.fed.us,,2018-12-30T14:26:47.470451,-80.20709225,-2.4851002,46,3216,0,0,0,0,0,0,0,0,0,0,100,0,0,0,0,0,0,0,0,0
99,-78.70879634,-2.000187901,30,square,FALSE,0,25,kcmccallum@fs.fed.us,,2018-12-30T14:31:37.152106,-78.70879634,-2.000187901,47,3401,0,0,0,0,0,80,16,0,0,0,0,0,0,0,0,0,4,0,0,0
100,-78.15063026,-0.495296988,30,square,FALSE,0,25,kcmccallum@fs.fed.us,,2018-12-30T14:33:40.127630,-78.15063026,-0.495296988,48,17529,15,0,0,0,0,0,0,0,0,0,0,0,0,0,0,0,12,88,0,0
101,-79.06715525,0.237167453,30,square,FALSE,0,25,kcmccallum@fs.fed.us,,2018-12-30T14:36:06.417615,-79.06715525,0.237167453,49,27646,11,80,0,0,0,0,0,0,0,20,0,0,0,0,0,0,0,0,0,0
112,-78.14269236,-0.492739623,30,square,FALSE,0,25,kcmccallum@fs.fed.us,,2018-12-30T14:37:50.200176,-78.14269236,-0.492739623,50,16089,15,0,0,0,0,0,0,0,0,0,0,0,0,0,0,0,64,36,0,0
116,-79.98971876,0.783824455,30,square,FALSE,0,25,kcmccallum@fs.fed.us,,2018-12-30T14:46:45.932286,-79.98971876,0.783824455,54,27945,11,100,0,0,0,0,0,0,0,0,0,0,0,0,0,0,0,0,0,0
117,-79.43548884,-3.70223077,30,square,FALSE,0,25,kcmccallum@fs.fed.us,,2018-12-30T14:48:25.915267,-79.43548884,-3.70223077,55,33494,3,0,0,0,0,12,88,0,0,0,0,0,0,0,0,0,0,0,0,0
118,-78.9864294,-3.231045651,30,square,FALSE,0,25,kcmccallum@fs.fed.us,,2018-12-30T14:58:08.227791,-78.9864294,-3.231045651,56,25000,9,0,0,0,0,0,100,0,0,0,0,0,0,0,0,0,0,0,0,0
119,-78.11416662,-0.485240288,30,square,FALSE,0,25,kcmccallum@fs.fed.us,,2018-12-30T15:01:09.168598,-78.11416662,-0.485240288,57,15982,15,0,0,0,0,0,0,0,0,0,0,0,0,0,0,0,100,0,0,0
120,-78.80852005,-1.479685122,30,square,FALSE,0,25,kcmccallum@fs.fed.us,,2018-12-30T15:15:22.939282,-78.80852005,-1.479685122,58,15060,15,0,0,0,0,0,0,0,0,0,0,0,0,0,0,0,0,0,0,100
114,-79.99699626,-3.244908862,30,square,FALSE,0,25,kcmccallum@fs.fed.us,,2018-12-30T22:11:52.668022,-79.99699626,-3.244908862,52,6498,1,0,0,0,84,0,0,0,0,0,4,0,0,0,12,0,0,0,0,0
121,-78.00187957,0.01421734,30,square,FALSE,0,25,kcmccallum@fs.fed.us,,2018-12-30T22:13:59.344766,-78.00187957,0.01421734,59,17565,15,0,0,0,0,0,0,0,0,0,0,0,0,0,0,0,0,100,0,0
129,-79.05499694,0.2571763,30,square,FALSE,0,25,kcmccallum@fs.fed.us,,2018-12-30T23:55:52.810634,-79.05499694,0.2571763,61,28405,11,84,0,0,0,16,0,0,0,0,0,0,0,0,0,0,0,0,0,0
130,-79.9175121,-2.736637924,30,square,FALSE,0,25,kcmccallum@fs.fed.us,,2018-12-30T23:56:56.235165,-79.9175121,-2.736637924,62,8691,1,0,0,0,100,0,0,0,0,0,0,0,0,0,0,0,0,0,0,0
131,-78.22916433,-1.97733684,30,square,FALSE,0,25,kcmccallum@fs.fed.us,,2018-12-31T00:01:21.324467,-78.22916433,-1.97733684,63,23608,8,56,0,0,0,0,0,0,0,44,0,0,0,0,0,0,0,0,0,0
132,-78.00217728,0.017462163,30,square,FALSE,0,25,kcmccallum@fs.fed.us,,2018-12-31T00:06:06.047213,-78.00217728,0.017462163,64,17575,15,0,0,0,0,0,0,0,0,0,0,0,0,0,0,0,0,100,0,0
134,-79.94952387,-2.460087715,30,square,FALSE,0,25,kcmccallum@fs.fed.us,,2018-12-31T00:09:41.036779,-79.94952387,-2.460087715,66,8123,1,0,0,0,0,0,0,0,0,0,88,0,0,0,12,0,0,0,0,0
135,-79.89852498,-4.09000756,30,square,FALSE,0,25,kcmccallum@fs.fed.us,,2018-12-31T00:13:23.724668,-79.89852498,-4.09000756,67,9188,2,0,0,0,0,24,76,0,0,0,0,0,0,0,0,0,0,0,0,0
136,-78.47258425,-0.194529544,30,square,FALSE,0,25,kcmccallum@fs.fed.us,,2018-12-31T00:17:55.757894,-78.47258425,-0.194529544,68,36883,12,0,0,0,0,0,88,0,0,0,0,0,0,12,0,0,0,0,0,0
137,-77.34078893,-0.910034564,30,square,FALSE,0,25,kcmccallum@fs.fed.us,,2018-12-31T00:18:49.039445,-77.34078893,-0.910034564,69,21370,8,0,0,0,0,0,0,0,0,100,0,0,0,0,0,0,0,0,0,0
138,-80.54776996,-2.457530565,30,square,FALSE,0,25,kcmccallum@fs.fed.us,,2018-12-31T00:19:54.127468,-80.54776996,-2.457530565,70,3077,0,0,0,0,0,0,100,0,0,0,0,0,0,0,0,0,0,0,0,0
139,-77.96929265,0.019779976,30,square,FALSE,0,25,kcmccallum@fs.fed.us,,2018-12-31T00:21:52.666555,-77.96929265,0.019779976,71,17519,15,0,0,0,0,0,0,0,0,0,0,0,0,0,0,0,0,100,0,0
140,-79.98108626,0.2865075,30,square,FALSE,0,25,kcmccallum@fs.fed.us,,2018-12-31T00:23:14.659310,-79.98108626,0.2865075,72,21176,8,0,0,0,68,0,0,0,0,32,0,0,0,0,0,0,0,0,0,0
141,-80.26908523,-0.677576899,30,square,FALSE,0,25,kcmccallum@fs.fed.us,,2018-12-31T00:26:03.885059,-80.26908523,-0.677576899,73,6320,1,0,0,0,76,0,0,0,0,0,24,0,0,0,0,0,0,0,0,0
142,-78.6036312,-0.186464753,30,square,FALSE,0,25,kcmccallum@fs.fed.us,,2018-12-31T00:28:23.754542,-78.6036312,-0.186464753,74,16439,15,0,0,0,0,0,0,76,0,0,0,0,0,0,0,0,24,0,0,0
143,-78.3339369,0.298943011,30,square,FALSE,0,25,kcmccallum@fs.fed.us,,2018-12-31T00:31:52.405743,-78.3339369,0.298943011,75,37033,12,0,0,0,0,8,92,0,0,0,0,0,0,0,0,0,0,0,0,0
144,-78.92677547,-1.467846782,30,square,FALSE,0,25,kcmccallum@fs.fed.us,,2018-12-31T00:34:07.045201,-78.92677547,-1.467846782,76,25328,9,0,0,0,0,100,0,0,0,0,0,0,0,0,0,0,0,0,0,0
147,-79.95025561,-2.234451874,30,square,FALSE,0,25,kcmccallum@fs.fed.us,,2018-12-31T00:35:53.536688,-79.95025561,-2.234451874,79,21270,8,0,0,0,0,0,0,0,0,100,0,0,0,0,0,0,0,0,0,0
159,-78.27940184,0.027488579,30,square,FALSE,0,25,kcmccallum@fs.fed.us,,2018-12-31T00:37:25.312980,-78.27940184,0.027488579,82,31946,3,0,0,0,0,100,0,0,0,0,0,0,0,0,0,0,0,0,0,0
161,-79.31153799,-4.373623327,30,square,FALSE,0,25,kcmccallum@fs.fed.us,,2018-12-31T00:42:39.105468,-79.31153799,-4.373623327,83,28737,11,0,32,0,0,68,0,0,0,0,0,0,0,0,0,0,0,0,0,0
162,-80.47954595,-4.053875814,30,square,FALSE,0,25,kcmccallum@fs.fed.us,,2018-12-31T00:45:18.695577,-80.47954595,-4.053875814,84,3879,0,0,0,0,0,0,92,0,0,0,0,0,0,0,0,0,8,0,0,0
163,-79.34079141,-4.372356177,30,square,FALSE,0,25,kcmccallum@fs.fed.us,,2018-12-31T00:47:06.114780,-79.34079141,-4.372356177,85,40789,13,0,0,0,0,0,96,0,0,0,0,0,0,0,0,0,4,0,0,0
164,-79.7823324,-0.878707854,30,square,FALSE,0,25,kcmccallum@fs.fed.us,,2018-12-31T00:49:01.535700,-79.7823324,-0.878707854,86,6596,1,0,0,0,0,12,0,0,0,88,0,0,0,0,0,0,0,0,0,0
165,-79.37661873,-4.371906577,30,square,FALSE,0,25,kcmccallum@fs.fed.us,,2018-12-31T00:50:21.633923,-79.37661873,-4.371906577,87,39576,13,0,0,0,0,0,96,0,0,0,0,0,0,0,0,0,4,0,0,0
1,-79.70510274,-0.178631833,30,square,FALSE,0,25,kcmccallum@fs.fed.us,,2018-12-31T00:56:15.003332,-79.70510274,-0.178631833,88,27705,11,0,68,0,0,32,0,0,0,0,0,0,0,0,0,0,0,0,0,0
10,-79.67875358,0.931154916,30,square,FALSE,0,25,kcmccallum@fs.fed.us,,2018-12-31T00:58:33.686858,-79.67875358,0.931154916,90,2853,14,0,0,0,0,0,0,0,0,0,0,0,20,0,36,44,0,0,0,0
12,-80.9447328,-2.215082433,30,square,FALSE,0,25,kcmccallum@fs.fed.us,,2018-12-31T01:01:14.542134,-80.9447328,-2.215082433,91,2323,14,0,0,0,0,0,0,0,0,12,0,0,24,0,4,4,56,0,0,0
14,-78.80969279,-1.452182062,30,square,FALSE,0,25,kcmccallum@fs.fed.us,,2018-12-31T01:02:51.396745,-78.80969279,-1.452182062,92,15647,15,0,0,0,0,0,0,0,0,0,0,0,0,0,0,0,100,0,0,0
16,-80.70921885,-1.925191354,30,square,FALSE,0,25,kcmccallum@fs.fed.us,,2018-12-31T01:06:36.794687,-80.70921885,-1.925191354,93,2523,14,0,0,0,0,0,100,0,0,0,0,0,0,0,0,0,0,0,0,0
17,-78.7772747,-2.692252804,30,square,FALSE,0,25,kcmccallum@fs.fed.us,,2018-12-31T01:08:00.955939,-78.7772747,-2.692252804,94,27488,11,0,0,0,0,20,80,0,0,0,0,0,0,0,0,0,0,0,0,0
18,-78.80939778,-1.449280745,30,square,FALSE,0,25,kcmccallum@fs.fed.us,,2018-12-31T01:08:54.247421,-78.80939778,-1.449280745,95,16263,15,0,0,0,0,0,0,0,0,0,0,0,0,0,0,0,100,0,0,0
24,-76.4039707,0.380300944,30,square,FALSE,0,25,kcmccallum@fs.fed.us,,2018-12-31T01:11:40.298900,-76.4039707,0.380300944,99,21984,8,0,24,0,0,0,0,0,0,76,0,0,0,0,0,0,0,0,0,0
149,-79.25795099,-0.658459823,30,square,FALSE,0,25,kcmccallum@fs.fed.us,,2018-12-31T01:13:51.574975,-79.25795099,-0.658459823,101,29871,11,0,0,0,0,0,96,0,0,4,0,0,0,0,0,0,0,0,0,0
151,-79.24838863,-3.994301422,30,square,FALSE,0,25,kcmccallum@fs.fed.us,,2018-12-31T01:15:36.111800,-79.24838863,-3.994301422,103,2171,14,0,0,0,0,100,0,0,0,0,0,0,0,0,0,0,0,0,0,0
154,-80.99095132,-2.198621274,30,square,FALSE,0,25,kcmccallum@fs.fed.us,,2018-12-31T01:19:23.198745,-80.99095132,-2.198621274,106,41015,13,0,0,0,0,0,0,0,0,0,0,0,4,0,32,64,0,0,0,0
160,-80.0212061,-2.189464122,30,square,FALSE,0,25,kcmccallum@fs.fed.us,,2018-12-31T01:21:51.460995,-80.0212061,-2.189464122,109,32636,3,0,0,0,0,76,24,0,0,0,0,0,0,0,0,0,0,0,0,0
5,-79.38751671,-4.33955892,30,square,FALSE,0,25,kcmccallum@fs.fed.us,,2018-12-31T01:35:24.220671,-79.38751671,-4.33955892,112,40703,11,0,4,0,0,0,36,0,0,0,0,0,4,0,56,0,0,0,0,0
6,-80.20144376,-2.383071202,30,square,FALSE,0,25,kcmccallum@fs.fed.us,,2018-12-31T01:37:23.447198,-80.20144376,-2.383071202,113,32108,3,0,0,0,0,0,0,0,100,0,0,0,0,0,0,0,0,0,0,0
8,-79.27838649,-4.329940423,30,square,FALSE,0,25,kcmccallum@fs.fed.us,,2018-12-31T01:41:25.069806,-79.27838649,-4.329940423,115,40751,13,0,0,0,0,100,0,0,0,0,0,0,0,0,0,0,0,0,0,0
9,-79.99418649,-1.396859381,30,square,FALSE,0,25,kcmccallum@fs.fed.us,,2018-12-31T01:44:04.310004,-79.99418649,-1.396859381,116,33357,3,0,0,0,0,0,0,0,100,0,0,0,0,0,0,0,0,0,0,0
33,-78.7655271,-0.636107914,30,square,FALSE,0,25,kcmccallum@fs.fed.us,,2018-12-31T01:51:58.696108,-78.7655271,-0.636107914,120,26958,9,0,0,0,0,48,52,0,0,0,0,0,0,0,0,0,0,0,0,0
34,-78.20911469,0.064765573,30,square,FALSE,0,25,kcmccallum@fs.fed.us,,2018-12-31T01:53:05.580537,-78.20911469,0.064765573,121,76,14,0,0,0,0,0,0,0,0,0,0,0,0,100,0,0,0,0,0,0
36,-79.27847447,-4.322917358,30,square,FALSE,0,25,kcmccallum@fs.fed.us,,2018-12-31T01:54:21.307168,-79.27847447,-4.322917358,122,41154,13,0,0,0,0,92,8,0,0,0,0,0,0,0,0,0,0,0,0,0
46,-78.91743905,-1.851039495,30,square,FALSE,0,25,kcmccallum@fs.fed.us,,2018-12-31T01:58:58.898169,-78.91743905,-1.851039495,127,27999,11,0,0,0,0,88,12,0,0,0,0,0,0,0,0,0,0,0,0,0
48,-78.9820516,-2.152752827,30,square,FALSE,0,25,kcmccallum@fs.fed.us,,2018-12-31T02:00:18.177955,-78.9820516,-2.152752827,128,41936,13,0,0,0,0,0,100,0,0,0,0,0,0,0,0,0,0,0,0,0
63,-80.47816412,-2.35331946,30,square,FALSE,0,25,kcmccallum@fs.fed.us,,2018-12-31T02:01:55.910240,-80.47816412,-2.35331946,131,41425,13,0,0,0,0,100,0,0,0,0,0,0,0,0,0,0,0,0,0,0
64,-79.63793856,-2.930011503,30,square,FALSE,0,25,kcmccallum@fs.fed.us,,2018-12-31T02:05:07.709510,-79.63793856,-2.930011503,132,22386,8,80,0,0,0,0,0,0,0,20,0,0,0,0,0,0,0,0,0,0
65,-79.68253512,-0.368500987,30,square,FALSE,0,25,kcmccallum@fs.fed.us,,2018-12-31T02:07:19.149223,-79.68253512,-0.368500987,133,34690,3,0,100,0,0,0,0,0,0,0,0,0,0,0,0,0,0,0,0,0
66,-80.09117961,-2.927100196,30,square,FALSE,0,25,kcmccallum@fs.fed.us,,2018-12-31T02:08:23.778240,-80.09117961,-2.927100196,134,6482,1,0,0,0,4,0,0,0,0,0,96,0,0,0,0,0,0,0,0,0
67,-79.49303548,-3.905480316,30,square,FALSE,0,25,kcmccallum@fs.fed.us,,2018-12-31T02:10:23.359460,-79.49303548,-3.905480316,135,36713,12,0,0,0,0,0,100,0,0,0,0,0,0,0,0,0,0,0,0,0
68,-80.28342422,-2.351905589,30,square,FALSE,0,25,kcmccallum@fs.fed.us,,2018-12-31T02:14:24.149017,-80.28342422,-2.351905589,136,203,14,0,64,0,0,0,0,0,0,0,0,0,24,0,12,0,0,0,0,0
69,-80.10877445,-3.405168419,30,square,FALSE,0,25,kcmccallum@fs.fed.us,,2018-12-31T02:16:15.124730,-80.10877445,-3.405168419,137,7309,1,0,0,0,96,0,0,0,0,4,0,0,0,0,0,0,0,0,0,0
70,-78.24551882,0.528172721,30,square,FALSE,0,25,kcmccallum@fs.fed.us,,2018-12-31T02:18:22.451014,-78.24551882,0.528172721,138,38073,12,0,0,0,0,100,0,0,0,0,0,0,0,0,0,0,0,0,0,0
71,-78.60109694,-2.598976988,30,square,FALSE,0,25,kcmccallum@fs.fed.us,,2018-12-31T02:19:41.198015,-78.60109694,-2.598976988,139,13243,2,0,0,0,0,92,8,0,0,0,0,0,0,0,0,0,0,0,0,0
83,-79.11201757,-2.916223318,30,square,FALSE,0,25,kcmccallum@fs.fed.us,,2018-12-31T02:22:50.855102,-79.11201757,-2.916223318,141,25723,9,0,0,0,0,100,0,0,0,0,0,0,0,0,0,0,0,0,0,0
86,-78.40879416,-0.344768227,30,square,FALSE,0,25,kcmccallum@fs.fed.us,,2018-12-31T02:24:15.260199,-78.40879416,-0.344768227,144,28696,11,0,0,0,0,100,0,0,0,0,0,0,0,0,0,0,0,0,0,0
88,-78.77569828,-2.898137132,30,square,FALSE,0,25,kcmccallum@fs.fed.us,,2018-12-31T02:26:32.846373,-78.77569828,-2.898137132,146,201,14,0,0,0,0,0,48,0,0,0,0,0,0,0,36,16,0,0,0,0
89,-80.12092218,-3.384335812,30,square,FALSE,0,25,kcmccallum@fs.fed.us,,2018-12-31T02:28:02.486425,-80.12092218,-3.384335812,147,7379,1,0,0,0,0,0,0,0,0,100,0,0,0,0,0,0,0,0,0,0
85,-78.95751891,-0.608429732,30,square,FALSE,0,25,kcmccallum@fs.fed.us,,2018-12-31T02:30:54.048785,-78.95751891,-0.608429732,143,10704,2,0,0,0,0,84,16,0,0,0,0,0,0,0,0,0,0,0,0,0
102,-76.04609038,-2.103995357,30,square,FALSE,0,25,kcmccallum@fs.fed.us,,2018-12-31T02:36:36.667471,-76.04609038,-2.103995357,150,21500,8,24,0,0,0,0,0,0,0,76,0,0,0,0,0,0,0,0,0,0
105,-80.472032,-2.580306877,30,square,FALSE,0,25,kcmccallum@fs.fed.us,,2018-12-31T02:38:26.567952,-80.472032,-2.580306877,153,37112,12,0,0,0,0,0,100,0,0,0,0,0,0,0,0,0,0,0,0,0
107,-78.65265118,-2.577187366,30,square,FALSE,0,25,kcmccallum@fs.fed.us,,2018-12-31T02:40:19.886789,-78.65265118,-2.577187366,155,2233,14,0,0,0,0,88,8,0,0,0,0,0,0,0,4,0,0,0,0,0
108,-76.21019935,0.118020916,30,square,FALSE,0,25,kcmccallum@fs.fed.us,,2018-12-31T02:43:06.167291,-76.21019935,0.118020916,156,30511,3,0,100,0,0,0,0,0,0,0,0,0,0,0,0,0,0,0,0,0
122,-80.04038424,-2.570967313,30,square,FALSE,0,25,kcmccallum@fs.fed.us,,2018-12-31T02:45:02.296378,-80.04038424,-2.570967313,160,7204,1,0,0,0,24,0,0,0,0,0,76,0,0,0,0,0,0,0,0,0
126,-80.72090999,-2.092507865,30,square,FALSE,0,25,kcmccallum@fs.fed.us,,2018-12-31T02:51:05.430151,-80.72090999,-2.092507865,164,4444,0,0,0,0,0,100,0,0,0,0,0,0,0,0,0,0,0,0,0,0
41,-79.26663429,-0.567939,30,square,TRUE,0,25,kcmccallum@fs.fed.us,,2019-01-02T13:03:43.939497,-79.26663429,-0.567939,4,29405,11,0,0,0,0,0,0,0,0,0,0,0,0,0,0,0,0,0,0,0
51,-77.84238556,-1.555636932,30,square,TRUE,0,25,kcmccallum@fs.fed.us,,2019-01-02T13:03:54.206958,-77.84238556,-1.555636932,9,31099,3,0,0,0,0,0,0,0,0,0,0,0,0,0,0,0,0,0,0,0
21,-78.0568765,-0.05171868,30,square,FALSE,0,25,kcmccallum@fs.fed.us,,2019-01-02T13:05:21.638416,-78.0568765,-0.05171868,10,38317,12,0,0,0,0,4,96,0,0,0,0,0,0,0,0,0,0,0,0,0
25,-77.89827292,-2.546885801,30,square,FALSE,0,25,kcmccallum@fs.fed.us,,2019-01-02T13:07:13.357103,-77.89827292,-2.546885801,12,21283,8,100,0,0,0,0,0,0,0,0,0,0,0,0,0,0,0,0,0,0
31,-78.24800999,-1.24853845,30,square,TRUE,0,25,kcmccallum@fs.fed.us,,2019-01-02T13:07:27.675915,-78.24800999,-1.24853845,18,26109,9,0,0,0,0,0,0,0,0,0,0,0,0,0,0,0,0,0,0,0
30,-79.13187694,-3.332548537,30,square,TRUE,0,25,kcmccallum@fs.fed.us,,2019-01-02T13:07:57.960464,-79.13187694,-3.332548537,17,38853,12,0,0,0,0,0,0,0,0,0,0,0,0,0,0,0,0,0,0,0
54,-78.19160775,-0.046296027,30,square,FALSE,0,25,kcmccallum@fs.fed.us,,2019-01-02T13:08:47.135704,-78.19160775,-0.046296027,22,38262,12,0,0,0,0,100,0,0,0,0,0,0,0,0,0,0,0,0,0,0
58,-77.52795398,-0.731581589,30,square,TRUE,0,25,kcmccallum@fs.fed.us,,2019-01-02T13:08:57.276339,-77.52795398,-0.731581589,26,32889,3,0,0,0,0,0,0,0,0,0,0,0,0,0,0,0,0,0,0,0
74,-78.46481446,0.191139508,30,square,FALSE,0,25,kcmccallum@fs.fed.us,,2019-01-02T13:09:38.177350,-78.46481446,0.191139508,32,37575,12,0,0,0,0,0,0,0,0,0,0,0,0,0,0,0,0,0,0,100
76,-77.76234882,-1.519965639,30,square,TRUE,0,25,kcmccallum@fs.fed.us,,2019-01-02T13:09:43.470656,-77.76234882,-1.519965639,34,9344,2,0,0,0,0,0,0,0,0,0,0,0,0,0,0,0,0,0,0,0
78,-78.72282591,-2.505313647,30,square,TRUE,0,25,kcmccallum@fs.fed.us,,2019-01-02T13:10:00.068356,-78.72282591,-2.505313647,36,24233,9,0,0,0,0,0,0,0,0,0,0,0,0,0,0,0,0,0,0,0
92,-77.48106445,-2.787432568,30,square,TRUE,0,25,kcmccallum@fs.fed.us,,2019-01-02T13:10:04.089716,-77.48106445,-2.787432568,40,1874,14,0,0,0,0,0,0,0,0,0,0,0,0,0,0,0,0,0,0,0
113,-78.43594549,-1.993849894,30,square,TRUE,0,25,kcmccallum@fs.fed.us,,2019-01-02T13:10:16.213395,-78.43594549,-1.993849894,51,25870,9,0,0,0,0,0,0,0,0,0,0,0,0,0,0,0,0,0,0,0
115,-79.25620923,-3.7331951,30,square,TRUE,0,25,kcmccallum@fs.fed.us,,2019-01-02T13:11:14.903724,-79.25620923,-3.7331951,53,2682,14,0,0,0,0,0,0,0,0,0,0,0,0,0,0,0,0,0,0,0
128,-78.7964585,-1.479384253,30,square,TRUE,0,25,kcmccallum@fs.fed.us,,2019-01-02T13:11:19.051084,-78.7964585,-1.479384253,60,16488,15,0,0,0,0,0,0,0,0,0,0,0,0,0,0,0,0,0,0,0
133,-78.07249627,0.805767022,30,square,TRUE,0,25,kcmccallum@fs.fed.us,,2019-01-02T13:11:33.118858,-78.07249627,0.805767022,65,14899,2,0,0,0,0,0,0,0,0,0,0,0,0,0,0,0,0,0,0,0
145,-78.39800605,-1.67881252,30,square,TRUE,0,25,kcmccallum@fs.fed.us,,2019-01-02T13:11:50.315140,-78.39800605,-1.67881252,77,15166,15,0,0,0,0,0,0,0,0,0,0,0,0,0,0,0,0,0,0,0
146,-78.16390249,-1.124363512,30,square,FALSE,0,25,kcmccallum@fs.fed.us,,2019-01-02T13:12:46.165819,-78.16390249,-1.124363512,78,3541,0,0,0,0,0,0,0,0,0,0,0,0,0,0,0,0,0,0,0,100
155,-78.80208269,-1.466246288,30,square,TRUE,0,25,kcmccallum@fs.fed.us,,2019-01-02T13:12:54.391084,-78.80208269,-1.466246288,80,15862,15,0,0,0,0,0,0,0,0,0,0,0,0,0,0,0,0,0,0,0
157,-77.89830412,-0.185031942,30,square,FALSE,0,25,kcmccallum@fs.fed.us,,2019-01-02T13:15:13.946374,-77.89830412,-0.185031942,81,12715,2,100,0,0,0,0,0,0,0,0,0,0,0,0,0,0,0,0,0,0
2,-78.41985703,-1.670887984,30,square,TRUE,0,25,kcmccallum@fs.fed.us,,2019-01-02T13:15:25.997566,-78.41985703,-1.670887984,89,15085,15,0,0,0,0,0,0,0,0,0,0,0,0,0,0,0,0,0,0,0
19,-79.30050664,-0.854623167,30,square,TRUE,0,25,kcmccallum@fs.fed.us,,2019-01-02T13:15:30.794124,-79.30050664,-0.854623167,96,22197,8,0,0,0,0,0,0,0,0,0,0,0,0,0,0,0,0,0,0,0
20,-77.98068741,0.035853432,30,square,FALSE,0,25,kcmccallum@fs.fed.us,,2019-01-02T13:16:25.298824,-77.98068741,0.035853432,97,15014,15,0,0,0,0,0,0,0,0,0,0,0,0,0,0,0,0,100,0,0
22,-77.20566213,-2.412796436,30,square,TRUE,0,25,kcmccallum@fs.fed.us,,2019-01-02T13:16:30.276234,-77.20566213,-2.412796436,98,23490,8,0,0,0,0,0,0,0,0,0,0,0,0,0,0,0,0,0,0,0
148,-77.81315238,-1.907241826,30,square,TRUE,0,25,kcmccallum@fs.fed.us,,2019-01-02T13:16:35.573762,-77.81315238,-1.907241826,100,815,14,0,0,0,0,0,0,0,0,0,0,0,0,0,0,0,0,0,0,0
150,-78.7484388,-2.671276687,30,square,FALSE,0,25,kcmccallum@fs.fed.us,,2019-01-02T13:20:02.067784,-78.7484388,-2.671276687,102,28170,11,0,0,0,0,0,0,100,0,0,0,0,0,0,0,0,0,0,0,0
152,-79.03938744,0.407218473,30,square,FALSE,0,25,kcmccallum@fs.fed.us,,2019-01-02T13:20:48.858811,-79.03938744,0.407218473,104,12644,2,100,0,0,0,0,0,0,0,0,0,0,0,0,0,0,0,0,0,0
153,-78.50717279,-0.654530434,30,square,FALSE,0,25,kcmccallum@fs.fed.us,,2019-01-02T13:24:09.288747,-78.50717279,-0.654530434,105,24503,9,0,0,8,0,0,0,92,0,0,0,0,0,0,0,0,0,0,0,0
156,-78.99609681,-3.471754119,30,square,TRUE,0,25,kcmccallum@fs.fed.us,,2019-01-02T13:24:20.591333,-78.99609681,-3.471754119,107,25232,9,0,0,0,0,0,0,0,0,0,0,0,0,0,0,0,0,0,0,0
158,-78.36462878,-1.887794433,30,square,TRUE,0,25,kcmccallum@fs.fed.us,,2019-01-02T13:24:25.031410,-78.36462878,-1.887794433,108,25582,9,0,0,0,0,0,0,0,0,0,0,0,0,0,0,0,0,0,0,0
3,-78.52947592,-2.390221459,30,square,FALSE,0,25,kcmccallum@fs.fed.us,,2019-01-02T13:29:20.351618,-78.52947592,-2.390221459,110,36073,12,100,0,0,0,0,0,0,0,0,0,0,0,0,0,0,0,0,0,0
4,-79.21770085,-4.343208975,30,square,FALSE,0,25,kcmccallum@fs.fed.us,,2019-01-02T13:30:46.005799,-79.21770085,-4.343208975,111,40961,11,0,0,0,0,100,0,0,0,0,0,0,0,0,0,0,0,0,0,0
7,-77.24355309,0.059195691,30,square,TRUE,0,25,kcmccallum@fs.fed.us,,2019-01-02T13:30:58.974694,-77.24355309,0.059195691,114,3042,0,0,0,0,0,0,0,0,0,0,0,0,0,0,0,0,0,0,0,0
11,-78.01014612,-1.631385025,30,square,FALSE,0,25,kcmccallum@fs.fed.us,,2019-01-02T13:32:27.647094,-78.01014612,-1.631385025,117,11783,2,0,68,0,0,32,0,0,0,0,0,0,0,0,0,0,0,0,0,0
13,-79.00932292,-2.628741997,30,square,FALSE,0,25,kcmccallum@fs.fed.us,,2019-01-02T13:39:07.776059,-79.00932292,-2.628741997,118,26285,9,0,0,0,0,0,0,100,0,0,0,0,0,0,0,0,0,0,0,0
15,-77.93106065,0.474287167,30,square,FALSE,0,25,kcmccallum@fs.fed.us,,2019-01-02T13:40:42.543779,-77.93106065,0.474287167,119,37940,12,0,0,0,0,24,0,0,76,0,0,0,0,0,0,0,0,0,0,0
38,-78.65426103,-3.43734621,30,square,FALSE,0,25,kcmccallum@fs.fed.us,,2019-01-02T13:42:40.505049,-78.65426103,-3.43734621,123,9807,2,80,0,0,0,20,0,0,0,0,0,0,0,0,0,0,0,0,0,0
40,-79.24956124,-2.363330637,30,square,TRUE,0,25,kcmccallum@fs.fed.us,,2019-01-02T13:42:47.648848,-79.24956124,-2.363330637,124,10969,2,0,0,0,0,0,0,0,0,0,0,0,0,0,0,0,0,0,0,0
42,-78.49912376,-2.357172891,30,square,FALSE,0,25,kcmccallum@fs.fed.us,,2019-01-02T13:44:10.832416,-78.49912376,-2.357172891,125,24535,9,100,0,0,0,0,0,0,0,0,0,0,0,0,0,0,0,0,0,0
44,-79.45847792,-1.055469891,30,square,TRUE,0,25,kcmccallum@fs.fed.us,,2019-01-02T13:44:23.254119,-79.45847792,-1.055469891,126,2607,14,0,0,0,0,0,0,0,0,0,0,0,0,0,0,0,0,0,0,0
50,-78.44459525,-0.804247787,30,square,FALSE,0,25,kcmccallum@fs.fed.us,,2019-01-02T13:48:37.262483,-78.44459525,-0.804247787,129,29980,11,0,0,76,0,24,0,0,0,0,0,0,0,0,0,0,0,0,0,0
62,-75.88277308,-1.346942382,30,square,TRUE,0,25,kcmccallum@fs.fed.us,,2019-01-02T13:48:42.848202,-75.88277308,-1.346942382,130,23341,8,0,0,0,0,0,0,0,0,0,0,0,0,0,0,0,0,0,0,0
82,-79.84690931,-1.342143426,30,square,FALSE,0,25,kcmccallum@fs.fed.us,,2019-01-02T13:51:21.674350,-79.84690931,-1.342143426,140,27060,11,0,12,0,0,88,0,0,0,0,0,0,0,0,0,0,0,0,0,0
84,-78.8987838,1.317962799,30,square,FALSE,0,25,kcmccallum@fs.fed.us,,2019-01-02T13:53:59.173680,-78.8987838,1.317962799,142,7123,1,0,0,0,0,48,52,0,0,0,0,0,0,0,0,0,0,0,0,0
87,-77.66908751,-2.897262955,30,square,TRUE,0,25,kcmccallum@fs.fed.us,,2019-01-02T13:54:04.773660,-77.66908751,-2.897262955,145,10086,2,0,0,0,0,0,0,0,0,0,0,0,0,0,0,0,0,0,0,0
90,-80.01956966,-2.331979115,30,square,FALSE,0,25,kcmccallum@fs.fed.us,,2019-01-02T13:55:58.695408,-80.01956966,-2.331979115,148,8173,1,0,0,0,12,0,0,0,0,0,0,84,0,0,4,0,0,0,0,0
91,-78.93876414,-0.590185434,30,square,FALSE,0,25,kcmccallum@fs.fed.us,,2019-01-02T13:57:37.394269,-78.93876414,-0.590185434,149,9994,2,0,0,0,0,0,100,0,0,0,0,0,0,0,0,0,0,0,0,0
103,-80.48429706,-0.785804911,30,square,FALSE,0,25,kcmccallum@fs.fed.us,,2019-01-02T13:59:42.706641,-80.48429706,-0.785804911,151,6865,1,0,0,0,0,0,100,0,0,0,0,0,0,0,0,0,0,0,0,0
104,-77.59025119,0.568905302,30,square,TRUE,0,25,kcmccallum@fs.fed.us,,2019-01-02T13:59:47.353419,-77.59025119,0.568905302,152,14525,2,0,0,0,0,0,0,0,0,0,0,0,0,0,0,0,0,0,0,0
106,-80.10526344,-1.797257085,30,square,TRUE,0,25,kcmccallum@fs.fed.us,,2019-01-02T14:01:14.366620,-80.10526344,-1.797257085,154,35014,3,0,0,0,0,0,0,0,0,0,0,0,0,0,0,0,0,0,0,0
109,-78.18490119,-2.09415521,30,square,FALSE,0,25,kcmccallum@fs.fed.us,,2019-01-02T14:03:31.416842,-78.18490119,-2.09415521,157,22912,8,80,0,0,0,0,0,0,0,4,0,0,0,0,0,0,16,0,0,0
110,-79.39154612,-3.865819688,30,square,FALSE,0,25,kcmccallum@fs.fed.us,,2019-01-02T14:04:34.034213,-79.39154612,-3.865819688,158,38848,12,0,0,0,0,100,0,0,0,0,0,0,0,0,0,0,0,0,0,0
111,-78.74779797,-4.269947003,30,square,TRUE,0,25,kcmccallum@fs.fed.us,,2019-01-02T14:04:39.074725,-78.74779797,-4.269947003,159,30973,3,0,0,0,0,0,0,0,0,0,0,0,0,0,0,0,0,0,0,0
123,-78.4496759,-0.063754801,30,square,FALSE,0,25,kcmccallum@fs.fed.us,,2019-01-02T14:06:17.252723,-78.4496759,-0.063754801,161,40180,13,0,0,0,0,0,80,0,0,0,0,0,0,0,8,0,12,0,0,0
124,-78.25347421,-1.288113645,30,square,TRUE,0,25,kcmccallum@fs.fed.us,,2019-01-02T14:06:23.151265,-78.25347421,-1.288113645,162,14539,2,0,0,0,0,0,0,0,0,0,0,0,0,0,0,0,0,0,0,0
125,-78.38074582,-2.091657527,30,square,FALSE,0,25,kcmccallum@fs.fed.us,,2019-01-02T14:10:11.007439,-78.38074582,-2.091657527,163,26613,9,0,0,0,0,0,100,0,0,0,0,0,0,0,0,0,0,0,0,0
127,-80.10543651,-3.354534043,30,square,FALSE,0,25,kcmccallum@fs.fed.us,,2019-01-02T14:15:18.797234,-80.10543651,-3.354534043,165,6916,1,0,0,0,100,0,0,0,0,0,0,0,0,0,0,0,0,0,0,0
33,-80.0270762,-4.017774805,30,square,FALSE,0,25,stevedale2613@msn.com,,2019-01-07T16:20:05.734533,-80.0270762,-4.017774805,726,726,14,36,0,0,0,4,60,0,0,0,0,0,0,0,0,0,0,0,0,0
28,-76.9432145,0.084791326,30,square,FALSE,0,25,stevedale2613@msn.com,,2019-01-07T16:21:10.427629,-76.9432145,0.084791326,763,763,14,0,0,0,0,0,0,0,0,0,0,0,0,0,0,100,0,0,0,0
13,-78.5923281,-1.265175622,30,square,FALSE,0,25,stevedale2613@msn.com,,2019-01-07T16:22:13.414657,-78.5923281,-1.265175622,1336,1336,14,0,0,0,0,0,0,0,40,0,0,0,16,0,44,0,0,0,0,0
7,-80.72831542,-1.880090771,30,square,TRUE,0,25,stevedale2613@msn.com,,2019-01-07T16:27:50.291473,-80.72831542,-1.880090771,1384,1384,14,0,0,0,0,0,0,0,0,0,0,0,0,0,0,0,0,0,0,0
15,-80.66244806,-1.031890982,30,square,FALSE,0,25,stevedale2613@msn.com,,2019-01-07T16:28:58.772399,-80.66244806,-1.031890982,2588,2588,14,0,0,0,0,0,0,0,0,0,0,0,0,0,12,88,0,0,0,0
39,-78.97577573,-1.170480362,30,square,FALSE,0,25,stevedale2613@msn.com,,2019-01-07T16:29:14.574716,-78.97577573,-1.170480362,3256,3256,0,100,0,0,0,0,0,0,0,0,0,0,0,0,0,0,0,0,0,0
32,-75.59446446,-0.722938478,30,square,FALSE,0,25,stevedale2613@msn.com,,2019-01-07T16:30:58.292846,-75.59446446,-0.722938478,3961,3961,0,4,0,0,0,16,76,0,0,0,0,0,0,0,0,0,4,0,0,0
19,-79.21320541,-3.144503703,30,square,FALSE,0,25,stevedale2613@msn.com,,2019-01-07T16:33:00.347289,-79.21320541,-3.144503703,4601,4601,0,0,0,0,0,0,0,0,64,0,0,0,4,0,0,32,0,0,0,0
20,-80.01068759,0.598464627,30,square,FALSE,0,25,stevedale2613@msn.com,,2019-01-07T16:37:05.788619,-80.01068759,0.598464627,4722,4722,0,0,0,0,8,0,72,0,0,0,0,20,0,0,0,0,0,0,0,0
40,-78.34461826,-1.991059673,30,square,FALSE,0,25,stevedale2613@msn.com,,2019-01-07T16:37:22.373271,-78.34461826,-1.991059673,5996,5996,0,0,0,0,0,0,0,0,0,0,0,0,0,0,0,0,100,0,0,0
41,-79.8919844,-2.428275868,30,square,FALSE,0,25,stevedale2613@msn.com,,2019-01-07T16:37:49.577625,-79.8919844,-2.428275868,6369,6369,1,0,0,0,72,0,0,0,0,28,0,0,0,0,0,0,0,0,0,0
21,-79.88863496,-2.423907058,30,square,FALSE,0,25,stevedale2613@msn.com,,2019-01-07T16:40:22.762230,-79.88863496,-2.423907058,6826,6826,1,0,4,0,0,0,48,0,0,0,32,0,0,0,0,0,16,0,0,0
10,-79.97566005,-3.644940126,30,square,FALSE,0,25,stevedale2613@msn.com,,2019-01-07T16:45:52.990155,-79.97566005,-3.644940126,7163,7163,1,0,0,0,0,20,4,0,0,72,0,4,0,0,0,0,0,0,0,0
16,-79.88844922,-2.413470211,30,square,FALSE,0,25,stevedale2613@msn.com,,2019-01-07T16:46:18.520584,-79.88844922,-2.413470211,7910,7910,1,0,0,0,0,0,0,0,0,0,100,0,0,0,0,0,0,0,0,0
11,-80.20223882,-2.589696225,30,square,TRUE,0,25,stevedale2613@msn.com,,2019-01-07T16:49:03.018586,-80.20223882,-2.589696225,8250,8250,1,0,0,0,0,0,0,0,0,0,0,0,0,0,0,0,0,0,0,0
54,-78.65426103,-3.43734621,30,square,FALSE,0,25,stevedale2613@msn.com,,2019-01-07T16:49:55.260468,-78.65426103,-3.43734621,9807,9807,2,80,0,0,0,0,20,0,0,0,0,0,0,0,0,0,0,0,0,0
31,-80.41654547,-1.333707938,30,square,FALSE,0,25,stevedale2613@msn.com,,2019-01-07T16:50:35.604174,-80.41654547,-1.333707938,10143,10143,2,16,0,0,0,0,0,0,0,0,0,0,0,0,0,0,0,0,0,84
26,-80.00634551,-2.267478586,30,square,FALSE,0,25,stevedale2613@msn.com,,2019-01-07T16:51:39.853886,-80.00634551,-2.267478586,10788,10788,2,0,0,0,0,0,0,0,0,0,0,100,0,0,0,0,0,0,0,0
14,-78.98337224,-4.039123198,30,square,TRUE,0,25,stevedale2613@msn.com,,2019-01-07T16:54:40.386553,-78.98337224,-4.039123198,14616,14616,2,0,0,0,0,0,0,0,0,0,0,0,0,0,0,0,0,0,0,0
23,-78.42788485,-0.669124741,30,square,FALSE,0,25,stevedale2613@msn.com,,2019-01-07T16:55:16.044141,-78.42788485,-0.669124741,15074,15074,15,0,0,0,0,0,0,0,0,0,0,0,0,0,0,0,0,100,0,0
46,-78.11609119,-0.484540821,30,square,FALSE,0,25,stevedale2613@msn.com,,2019-01-07T16:57:38.716719,-78.11609119,-0.484540821,17032,17032,15,0,0,0,0,0,0,0,0,0,0,0,0,0,0,0,0,100,0,0
18,-77.99846176,0.012885932,30,square,FALSE,0,25,stevedale2613@msn.com,,2019-01-07T17:43:33.658807,-77.99846176,0.012885932,17847,17847,15,0,0,0,0,0,0,0,0,0,0,0,0,0,0,0,0,100,0,0
12,-79.88250124,-2.358527777,30,square,FALSE,0,25,stevedale2613@msn.com,,2019-01-07T17:44:00.162689,-79.88250124,-2.358527777,23160,23160,8,0,0,0,100,0,0,0,0,0,0,0,0,0,0,0,0,0,0,0
50,-78.15109868,-2.533819493,30,square,FALSE,0,25,stevedale2613@msn.com,,2019-01-07T17:44:31.821744,-78.15109868,-2.533819493,23350,23350,8,96,0,0,0,0,0,0,0,4,0,0,0,0,0,0,0,0,0,0
3,-78.22916433,-1.97733684,30,square,FALSE,0,25,stevedale2613@msn.com,,2019-01-07T17:46:44.794763,-78.22916433,-1.97733684,23608,23608,8,52,0,0,0,0,28,0,0,20,0,0,0,0,0,0,0,0,0,0
38,-78.9864294,-3.231045651,30,square,FALSE,0,25,stevedale2613@msn.com,,2019-01-07T17:48:57.447008,-78.9864294,-3.231045651,25000,25000,9,0,0,0,0,0,100,0,0,0,0,0,0,0,0,0,0,0,0,0
8,-78.11024721,-0.109216257,30,square,FALSE,0,25,stevedale2613@msn.com,,2019-01-07T17:50:30.490612,-78.11024721,-0.109216257,25226,25226,9,0,0,0,0,0,100,0,0,0,0,0,0,0,0,0,0,0,0,0
6,-78.86578233,-0.854802818,30,square,FALSE,0,25,stevedale2613@msn.com,,2019-01-07T17:51:09.662321,-78.86578233,-0.854802818,25663,25663,9,0,0,0,0,0,28,0,72,0,0,0,0,0,0,0,0,0,0,0
34,-79.77138483,-1.214548805,30,square,FALSE,0,25,stevedale2613@msn.com,,2019-01-07T17:55:03.650400,-79.77138483,-1.214548805,27050,27050,11,0,4,0,0,0,56,0,40,0,0,0,0,0,0,0,0,0,0,0
48,-78.82774064,-2.331586216,30,square,FALSE,0,25,stevedale2613@msn.com,,2019-01-07T17:55:14.895452,-78.82774064,-2.331586216,28728,28728,11,0,0,0,0,0,0,0,0,0,0,0,0,0,0,0,0,0,0,100
29,-79.89775237,-1.193047665,30,square,TRUE,0,25,stevedale2613@msn.com,,2019-01-07T17:56:10.724747,-79.89775237,-1.193047665,29157,29157,11,0,0,0,0,0,0,0,0,0,0,0,0,0,0,0,0,0,0,0
44,-78.54977362,-0.727754061,30,square,FALSE,0,25,stevedale2613@msn.com,,2019-01-07T17:56:16.581085,-78.54977362,-0.727754061,29162,29162,11,0,0,0,0,0,0,0,100,0,0,0,0,0,0,0,0,0,0,0
51,-79.32576007,-0.787113866,30,square,FALSE,0,25,stevedale2613@msn.com,,2019-01-07T17:56:40.958291,-79.32576007,-0.787113866,29576,29576,11,0,0,100,0,0,0,0,0,0,0,0,0,0,0,0,0,0,0,0
27,-77.06107232,0.030825253,30,square,FALSE,0,25,stevedale2613@msn.com,,2019-01-07T18:01:54.383229,-77.06107232,0.030825253,31189,31189,3,72,0,0,0,0,28,0,0,0,0,0,0,0,0,0,0,0,0,0
49,-78.01489664,-1.894734916,30,square,FALSE,0,25,stevedale2613@msn.com,,2019-01-07T18:03:23.504347,-78.01489664,-1.894734916,31685,31685,3,20,0,0,0,0,24,0,0,0,0,0,0,0,0,0,0,0,0,56
5,-80.492728,-1.431734114,30,square,FALSE,0,25,stevedale2613@msn.com,,2019-01-07T18:04:15.772569,-80.492728,-1.431734114,33130,33130,3,92,0,0,0,0,0,0,0,0,0,0,0,0,8,0,0,0,0,0
30,-79.21061637,-3.112206676,30,square,FALSE,0,25,stevedale2613@msn.com,,2019-01-07T18:04:29.072442,-79.21061637,-3.112206676,33729,33729,3,0,0,0,0,0,0,0,0,0,0,0,0,0,0,0,0,0,0,100
37,-78.84677206,-0.253775919,30,square,FALSE,0,25,stevedale2613@msn.com,,2019-01-07T18:04:36.244148,-78.84677206,-0.253775919,34248,34248,3,100,0,0,0,0,0,0,0,0,0,0,0,0,0,0,0,0,0,0
17,-79.51070509,-4.080224492,30,square,FALSE,0,25,stevedale2613@msn.com,,2019-01-07T18:10:20.543975,-79.51070509,-4.080224492,36884,36884,12,0,0,0,0,0,100,0,0,0,0,0,0,0,0,0,0,0,0,0
43,-80.47621544,-1.855592861,30,square,FALSE,0,25,stevedale2613@msn.com,,2019-01-07T18:11:17.362129,-80.47621544,-1.855592861,37634,37634,12,0,0,0,0,0,0,0,100,0,0,0,0,0,0,0,0,0,0,0
42,-78.7552516,-3.079367174,30,square,FALSE,0,25,stevedale2613@msn.com,,2019-01-07T18:11:56.955790,-78.7552516,-3.079367174,37996,37996,12,60,0,0,0,0,0,0,40,0,0,0,0,0,0,0,0,0,0,0
24,-78.81168803,-2.58312295,30,square,FALSE,0,25,stevedale2613@msn.com,,2019-01-07T18:12:11.970340,-78.81168803,-2.58312295,38576,38576,12,0,0,0,0,0,0,0,0,0,0,0,0,0,0,0,0,0,0,100
45,-79.27824666,-4.343899523,30,square,FALSE,0,25,stevedale2613@msn.com,,2019-01-07T18:13:49.715431,-79.27824666,-4.343899523,39485,39485,13,0,0,40,0,0,0,0,60,0,0,0,0,0,0,0,0,0,0,0
53,-79.46405412,-3.90649891,30,square,FALSE,0,25,stevedale2613@msn.com,,2019-01-07T18:15:28.378429,-79.46405412,-3.90649891,39524,39524,13,0,4,0,0,8,88,0,0,0,0,0,0,0,0,0,0,0,0,0
9,-78.41789867,-0.153692889,30,square,FALSE,0,25,stevedale2613@msn.com,,2019-01-07T18:16:31.166344,-78.41789867,-0.153692889,40229,40229,13,0,0,0,0,84,16,0,0,0,0,0,0,0,0,0,0,0,0,0
35,-78.71261712,-2.005123319,30,square,FALSE,0,25,stevedale2613@msn.com,,2019-01-07T18:18:37.804561,-78.71261712,-2.005123319,41851,41851,13,0,0,0,0,72,28,0,0,0,0,0,0,0,0,0,0,0,0,0
55,-78.32705511,-1.694567714,30,square,FALSE,0,25,stevedale2613@msn.com,,2019-01-07T18:19:03.640041,-78.32705511,-1.694567714,38639,38639,12,0,0,0,0,0,0,0,0,0,0,0,0,0,0,0,0,0,0,100
47,-79.32726114,-3.897697016,30,square,FALSE,0,25,stevedale2613@msn.com,,2019-01-07T18:19:16.682008,-79.32726114,-3.897697016,39083,39083,13,0,0,0,0,0,0,0,0,0,0,0,0,0,0,0,0,0,0,100
52,-77.58707935,0.570875441,30,square,FALSE,0,25,stevedale2613@msn.com,,2019-01-07T18:19:29.851497,-77.58707935,0.570875441,26222,26222,9,0,0,0,0,0,0,0,0,0,0,0,0,0,0,0,0,0,0,100
4,-79.06931839,-3.456616362,30,square,FALSE,0,25,stevedale2613@msn.com,,2019-01-07T18:19:44.053163,-79.06931839,-3.456616362,25147,25147,9,0,0,0,0,0,0,0,0,0,0,0,0,0,0,0,0,0,0,100
25,-77.5594455,-2.782525175,30,square,FALSE,0,25,stevedale2613@msn.com,,2019-01-07T18:19:57.618886,-77.5594455,-2.782525175,23651,23651,8,0,0,0,0,0,0,0,0,0,0,0,0,0,0,0,0,0,0,100
22,-77.71606769,-2.906063827,30,square,FALSE,0,25,stevedale2613@msn.com,,2019-01-07T18:20:08.026096,-77.71606769,-2.906063827,21754,21754,8,0,0,0,0,0,0,0,0,0,0,0,0,0,0,0,0,0,0,100
1,-78.41797833,-1.664040565,30,square,FALSE,0,25,stevedale2613@msn.com,,2019-01-07T18:20:22.120430,-78.41797833,-1.664040565,17125,17125,15,0,0,0,0,0,0,0,0,0,0,0,0,0,0,0,0,0,0,100
36,-78.79993807,-1.468208722,30,square,FALSE,0,25,stevedale2613@msn.com,,2019-01-07T18:20:57.768700,-78.79993807,-1.468208722,16178,16178,15,0,0,0,0,0,0,0,0,0,0,0,0,0,0,0,0,0,0,100
2,-79.08660615,-3.834682279,30,square,FALSE,0,25,stevedale2613@msn.com,,2019-01-07T18:21:16.553013,-79.08660615,-3.834682279,13122,13122,2,0,0,0,0,0,0,0,0,0,0,0,0,0,0,0,0,0,0,100
